{
    "model_name": "llama3.2_3b",
    "dataset_name": "mod",
    "loss_names": [
        "BCE",
        "MSE",
        "MSE",
        "MSE",
        "BCE",
        "BCE",
        "MSE",
        "BCE",
        "BCE",
        "BCE",
        "BCE",
        "BCE",
        "BCE",
        "BCE",
        "MSE",
        "BCE",
        "BCE",
        "BCE",
        "BCE",
        "BCE",
        "BCE",
        "BCE",
        "BCE",
        "BCE",
        "BCE",
        "BCE",
        "BCE",
        "BCE"
    ],
    "optimizer_names": [
        "Adam",
        "Adam",
        "Adam",
        "Adam",
        "Adam",
        "Adam",
        "Adam",
        "Adam",
        "SGD",
        "SGD",
        "Adam",
        "Adam",
        "SGD",
        "SGD",
        "Adam",
        "SGD",
        "SGD",
        "SGD",
        "SGD",
        "SGD",
        "SGD",
        "SGD",
        "SGD",
        "SGD",
        "SGD",
        "SGD",
        "SGD",
        "SGD"
    ],
    "lrs": [
        0.01,
        0.01,
        0.01,
        0.01,
        0.01,
        0.01,
        0.01,
        0.01,
        0.01,
        0.01,
        0.01,
        0.01,
        0.01,
        0.01,
        0.0001,
        0.01,
        0.01,
        0.01,
        0.01,
        0.0001,
        0.01,
        0.0001,
        0.01,
        0.01,
        0.0001,
        0.01,
        0.0001,
        0.01
    ],
    "epochs": [
        150,
        150,
        150,
        150,
        40,
        70,
        10,
        150,
        20,
        30,
        20,
        20,
        20,
        10,
        10,
        30,
        10,
        30,
        10,
        10,
        20,
        10,
        10,
        10,
        10,
        30,
        10,
        10
    ],
    "max_samples": 124,
    "system_message": "You are a helpful assistant",
    "pattern": "resid_post",
    "metrics": [
        {
            "loss": 0.554665207862854,
            "accuracy": 0.75,
            "precision": 0.8125,
            "recall": 0.6842105263157895,
            "f1_score": 0.7428571428571429
        },
        {
            "loss": 0.13957047710816065,
            "accuracy": 0.7638888888888888,
            "precision": 0.6829268292682927,
            "recall": 0.875,
            "f1_score": 0.7671232876712328
        },
        {
            "loss": 0.13142017275094986,
            "accuracy": 0.8333333333333334,
            "precision": 0.8,
            "recall": 0.8888888888888888,
            "f1_score": 0.8421052631578947
        },
        {
            "loss": 0.05039989699920019,
            "accuracy": 0.9444444444444444,
            "precision": 0.9722222222222222,
            "recall": 0.9210526315789473,
            "f1_score": 0.9459459459459459
        },
        {
            "loss": 0.18590116004149118,
            "accuracy": 0.9444444444444444,
            "precision": 0.8823529411764706,
            "recall": 1.0,
            "f1_score": 0.9375
        },
        {
            "loss": 0.1874125525355339,
            "accuracy": 0.8888888888888888,
            "precision": 0.9393939393939394,
            "recall": 0.8378378378378378,
            "f1_score": 0.8857142857142857
        },
        {
            "loss": 0.03759909917910894,
            "accuracy": 0.9583333333333334,
            "precision": 1.0,
            "recall": 0.9302325581395349,
            "f1_score": 0.963855421686747
        },
        {
            "loss": 0.03640507689366738,
            "accuracy": 0.9861111111111112,
            "precision": 0.9743589743589743,
            "recall": 1.0,
            "f1_score": 0.987012987012987
        },
        {
            "loss": 0.09298466394344966,
            "accuracy": 0.9861111111111112,
            "precision": 1.0,
            "recall": 0.9705882352941176,
            "f1_score": 0.9850746268656716
        },
        {
            "loss": 0.08804690837860107,
            "accuracy": 0.9444444444444444,
            "precision": 0.9473684210526315,
            "recall": 0.9473684210526315,
            "f1_score": 0.9473684210526315
        },
        {
            "loss": 0.016733765602111816,
            "accuracy": 1.0,
            "precision": 1.0,
            "recall": 1.0,
            "f1_score": 1.0
        },
        {
            "loss": 0.0035494002901638546,
            "accuracy": 1.0,
            "precision": 1.0,
            "recall": 1.0,
            "f1_score": 1.0
        },
        {
            "loss": 0.057562834272782006,
            "accuracy": 0.9722222222222222,
            "precision": 0.9705882352941176,
            "recall": 0.9705882352941176,
            "f1_score": 0.9705882352941176
        },
        {
            "loss": 0.03974060465892156,
            "accuracy": 1.0,
            "precision": 1.0,
            "recall": 1.0,
            "f1_score": 1.0
        },
        {
            "loss": 0.08523270611961682,
            "accuracy": 0.9722222222222222,
            "precision": 0.972972972972973,
            "recall": 0.972972972972973,
            "f1_score": 0.972972972972973
        },
        {
            "loss": 0.04190822263869146,
            "accuracy": 0.9722222222222222,
            "precision": 1.0,
            "recall": 0.9473684210526315,
            "f1_score": 0.972972972972973
        },
        {
            "loss": 0.07474205778756489,
            "accuracy": 0.9861111111111112,
            "precision": 0.9782608695652174,
            "recall": 1.0,
            "f1_score": 0.989010989010989
        },
        {
            "loss": 0.0019815272729222975,
            "accuracy": 1.0,
            "precision": 1.0,
            "recall": 1.0,
            "f1_score": 1.0
        },
        {
            "loss": 0.05190222772459189,
            "accuracy": 0.9722222222222222,
            "precision": 0.9411764705882353,
            "recall": 1.0,
            "f1_score": 0.9696969696969697
        },
        {
            "loss": 0.31547026832898456,
            "accuracy": 1.0,
            "precision": 1.0,
            "recall": 1.0,
            "f1_score": 1.0
        },
        {
            "loss": 0.03643428002639363,
            "accuracy": 0.9861111111111112,
            "precision": 0.9714285714285714,
            "recall": 1.0,
            "f1_score": 0.9855072463768116
        },
        {
            "loss": 0.2715061704317729,
            "accuracy": 0.9722222222222222,
            "precision": 0.9743589743589743,
            "recall": 0.9743589743589743,
            "f1_score": 0.9743589743589743
        },
        {
            "loss": 0.004192290129140019,
            "accuracy": 1.0,
            "precision": 1.0,
            "recall": 1.0,
            "f1_score": 1.0
        },
        {
            "loss": 0.031074861482314493,
            "accuracy": 0.9861111111111112,
            "precision": 1.0,
            "recall": 0.9696969696969697,
            "f1_score": 0.9846153846153847
        },
        {
            "loss": 0.1209997112552325,
            "accuracy": 0.9861111111111112,
            "precision": 1.0,
            "recall": 0.9722222222222222,
            "f1_score": 0.9859154929577465
        },
        {
            "loss": 0.0005595595854780792,
            "accuracy": 1.0,
            "precision": 1.0,
            "recall": 1.0,
            "f1_score": 1.0
        },
        {
            "loss": 0.08554685860872269,
            "accuracy": 0.9861111111111112,
            "precision": 1.0,
            "recall": 0.9666666666666667,
            "f1_score": 0.9830508474576272
        },
        {
            "loss": 0.0808757797870688,
            "accuracy": 0.9861111111111112,
            "precision": 0.9642857142857143,
            "recall": 1.0,
            "f1_score": 0.9818181818181818
        }
    ],
    "stack_act_name": "resid_post",
    "reduce_seq_method": "last",
    "timestamp": "2025-03-15_12-10-32"
}