{
    "model_name": "qwen2.5_1.5b",
    "dataset_name": "mod",
    "loss_names": [
        "BCE",
        "BCE",
        "BCE",
        "BCE",
        "BCE",
        "BCE",
        "BCE",
        "BCE",
        "BCE",
        "BCE",
        "BCE",
        "MSE",
        "BCE",
        "BCE",
        "BCE",
        "BCE",
        "BCE",
        "BCE",
        "BCE",
        "BCE",
        "BCE",
        "BCE",
        "BCE",
        "BCE",
        "BCE",
        "BCE",
        "BCE",
        "BCE"
    ],
    "optimizer_names": [
        "Adam",
        "Adam",
        "Adam",
        "Adam",
        "Adam",
        "Adam",
        "Adam",
        "Adam",
        "Adam",
        "Adam",
        "Adam",
        "SGD",
        "Adam",
        "SGD",
        "SGD",
        "SGD",
        "SGD",
        "SGD",
        "SGD",
        "Adam",
        "SGD",
        "SGD",
        "SGD",
        "Adam",
        "SGD",
        "SGD",
        "SGD",
        "SGD"
    ],
    "lrs": [
        0.01,
        0.01,
        0.01,
        0.01,
        0.01,
        0.01,
        0.01,
        0.01,
        0.01,
        0.01,
        0.01,
        0.01,
        0.01,
        0.01,
        0.0001,
        0.01,
        0.001,
        0.01,
        0.01,
        0.01,
        0.01,
        0.01,
        0.0001,
        0.01,
        0.01,
        0.001,
        0.0001,
        0.0001
    ],
    "epochs": [
        150,
        200,
        200,
        70,
        200,
        150,
        70,
        200,
        50,
        70,
        100,
        150,
        30,
        40,
        20,
        10,
        20,
        20,
        10,
        30,
        30,
        40,
        10,
        70,
        50,
        10,
        30,
        50
    ],
    "max_samples": 124,
    "system_message": "You are a helpful assistant",
    "pattern": "resid_post",
    "metrics": [
        {
            "loss": 0.6008034944534302,
            "accuracy": 0.7083333333333334,
            "precision": 0.78125,
            "recall": 0.6410256410256411,
            "f1_score": 0.704225352112676
        },
        {
            "loss": 0.488031546274821,
            "accuracy": 0.6805555555555556,
            "precision": 0.78125,
            "recall": 0.6097560975609756,
            "f1_score": 0.684931506849315
        },
        {
            "loss": 0.5686988830566406,
            "accuracy": 0.7083333333333334,
            "precision": 0.6530612244897959,
            "recall": 0.8888888888888888,
            "f1_score": 0.7529411764705882
        },
        {
            "loss": 0.670690139134725,
            "accuracy": 0.6666666666666666,
            "precision": 0.5925925925925926,
            "recall": 0.9411764705882353,
            "f1_score": 0.7272727272727273
        },
        {
            "loss": 0.5399947861830393,
            "accuracy": 0.7916666666666666,
            "precision": 0.8611111111111112,
            "recall": 0.7560975609756098,
            "f1_score": 0.8051948051948052
        },
        {
            "loss": 0.5679982602596283,
            "accuracy": 0.8194444444444444,
            "precision": 0.7727272727272727,
            "recall": 0.918918918918919,
            "f1_score": 0.8395061728395061
        },
        {
            "loss": 0.7352836728096008,
            "accuracy": 0.5972222222222222,
            "precision": 0.5102040816326531,
            "recall": 0.8333333333333334,
            "f1_score": 0.6329113924050633
        },
        {
            "loss": 0.6104333202044169,
            "accuracy": 0.7361111111111112,
            "precision": 0.6904761904761905,
            "recall": 0.8285714285714286,
            "f1_score": 0.7532467532467533
        },
        {
            "loss": 0.3915354311466217,
            "accuracy": 0.8333333333333334,
            "precision": 0.9642857142857143,
            "recall": 0.7105263157894737,
            "f1_score": 0.8181818181818182
        },
        {
            "loss": 0.3453062077363332,
            "accuracy": 0.8888888888888888,
            "precision": 0.9444444444444444,
            "recall": 0.85,
            "f1_score": 0.8947368421052632
        },
        {
            "loss": 0.13016610344250998,
            "accuracy": 0.9583333333333334,
            "precision": 0.9375,
            "recall": 0.967741935483871,
            "f1_score": 0.9523809523809523
        },
        {
            "loss": 0.025908530224114656,
            "accuracy": 0.9583333333333334,
            "precision": 1.0,
            "recall": 0.9117647058823529,
            "f1_score": 0.9538461538461539
        },
        {
            "loss": 0.1603824347257614,
            "accuracy": 0.9583333333333334,
            "precision": 0.9117647058823529,
            "recall": 1.0,
            "f1_score": 0.9538461538461539
        },
        {
            "loss": 0.05915878627759715,
            "accuracy": 0.9722222222222222,
            "precision": 1.0,
            "recall": 0.9555555555555556,
            "f1_score": 0.9772727272727273
        },
        {
            "loss": 0.45108161369959515,
            "accuracy": 0.9583333333333334,
            "precision": 0.9722222222222222,
            "recall": 0.9459459459459459,
            "f1_score": 0.958904109589041
        },
        {
            "loss": 0.025388954595352214,
            "accuracy": 0.9861111111111112,
            "precision": 0.9722222222222222,
            "recall": 1.0,
            "f1_score": 0.9859154929577465
        },
        {
            "loss": 0.06079159304499626,
            "accuracy": 0.9722222222222222,
            "precision": 0.9655172413793104,
            "recall": 0.9655172413793104,
            "f1_score": 0.9655172413793104
        },
        {
            "loss": 0.2766320798934127,
            "accuracy": 0.9861111111111112,
            "precision": 0.9642857142857143,
            "recall": 1.0,
            "f1_score": 0.9818181818181818
        },
        {
            "loss": 0.03439177535111596,
            "accuracy": 0.9861111111111112,
            "precision": 1.0,
            "recall": 0.9736842105263158,
            "f1_score": 0.9866666666666667
        },
        {
            "loss": 2.7311931110792407e-06,
            "accuracy": 1.0,
            "precision": 1.0,
            "recall": 1.0,
            "f1_score": 1.0
        },
        {
            "loss": 2.649982770284017,
            "accuracy": 0.9305555555555556,
            "precision": 0.9459459459459459,
            "recall": 0.9210526315789473,
            "f1_score": 0.9333333333333333
        },
        {
            "loss": 1.7136747482388326,
            "accuracy": 0.9861111111111112,
            "precision": 1.0,
            "recall": 0.9696969696969697,
            "f1_score": 0.9846153846153847
        },
        {
            "loss": 0.05325775593519211,
            "accuracy": 0.9722222222222222,
            "precision": 1.0,
            "recall": 0.9487179487179487,
            "f1_score": 0.9736842105263158
        },
        {
            "loss": 0.006406747203818952,
            "accuracy": 1.0,
            "precision": 1.0,
            "recall": 1.0,
            "f1_score": 1.0
        },
        {
            "loss": 2.2323343753814697,
            "accuracy": 0.9583333333333334,
            "precision": 1.0,
            "recall": 0.9142857142857143,
            "f1_score": 0.9552238805970149
        },
        {
            "loss": 0.6029104188492056,
            "accuracy": 0.9861111111111112,
            "precision": 1.0,
            "recall": 0.9777777777777777,
            "f1_score": 0.9887640449438202
        },
        {
            "loss": 0.026707374568407733,
            "accuracy": 1.0,
            "precision": 1.0,
            "recall": 1.0,
            "f1_score": 1.0
        },
        {
            "loss": 0.025663301969567936,
            "accuracy": 0.9861111111111112,
            "precision": 1.0,